,x,x1,x2,y
0,-3.109542913044527,0.17086132372820761,-0.0320442539869607,-6.219085826089054
1,-3.1042087799779523,0.17173592139887695,-0.03737516655656979,-6.208417559955905
2,-3.0996461036373124,0.17248742071862147,-0.041934250117589,-6.199292207274625
3,-3.097214457923549,0.17288920866427876,-0.044363630518108925,-6.194428915847098
4,-3.0909461842504284,0.17392905870288344,-0.050624820203021545,-6.181892368500857
5,-3.082406210765201,0.1753553739246265,-0.059151893512922805,-6.164812421530402
6,-3.0641490729095255,0.17844213306062615,-0.07736619247252001,-6.128298145819051
7,-3.0622508588055504,0.17876602377576614,-0.07925857662349797,-6.124501717611101
8,-3.0187712379421408,0.18634007763145682,-0.12251285291551411,-6.0375424758842815
9,-3.0132260165678644,0.1873277191357484,-0.12801438992839362,-6.026452033135729
10,-3.0124845988762665,0.1874601473118494,-0.12874967221333816,-6.024969197752533
11,-3.01223693066014,0.1875044043525495,-0.128995275166833,-6.02447386132028
12,-3.0032260218263866,0.18912137954714878,-0.13792554186490102,-6.006452043652773
13,-2.995162502325878,0.1905795769816179,-0.14590742458253916,-5.990325004651756
14,-2.9943664457320147,0.19072411284196084,-0.1466949156617511,-5.988732891464029
15,-2.994344077039269,0.19072817571300457,-0.14671704232844424,-5.988688154078538
16,-2.9920277342969404,0.19114934307994041,-0.14900792312341452,-5.984055468593881
17,-2.9918238836466786,0.19118645034098436,-0.14920949488800922,-5.983647767293357
18,-2.966151872203553,0.1959146281842027,-0.1745421697948463,-5.932303744407106
19,-2.957514655789884,0.1975301891324602,-0.1830401860854426,-5.915029311579768
20,-2.9290009218100406,0.20295369190353554,-0.21099399069178396,-5.858001843620081
21,-2.9201154174946597,0.2046723884653225,-0.21967101538065384,-5.8402308349893195
22,-2.916981704442717,0.20528181123498726,-0.22272710077778002,-5.833963408885434
23,-2.9152210704579975,0.20562495980063072,-0.2244431630084631,-5.830442140915995
24,-2.892928862015286,0.21001689468267182,-0.2461090698342977,-5.785857724030572
25,-2.8851404624653396,0.211572121782918,-0.2536503742149694,-5.770280924930679
26,-2.864036175918461,0.21584115251017733,-0.2740064654465131,-5.728072351836922
27,-2.8565847229103687,0.21736776360212737,-0.2811650620553754,-5.713169445820737
28,-2.8562101349336344,0.21744477510524404,-0.2815245192025313,-5.712420269867269
29,-2.853167402872991,0.21807128354112076,-0.28444287731528084,-5.706334805745982
30,-2.8508387724499338,0.21855190477378883,-0.28667454576296386,-5.7016775448998676
31,-2.8326610933054166,0.22233815515297112,-0.30404095150657395,-5.665322186610833
32,-2.8318678351340845,0.222504781912844,-0.30479656027404484,-5.663735670268169
33,-2.81283710015178,0.22653764952430674,-0.3228654786427016,-5.62567420030356
34,-2.801260819115069,0.22902432650240354,-0.3337999122734839,-5.602521638230138
35,-2.7958032669194743,0.2302055248378986,-0.3389394442182273,-5.591606533838949
36,-2.7915014770358506,0.23114060606254616,-0.342983454796875,-5.583002954071701
37,-2.782969649692532,0.23300572810322975,-0.35098517342683133,-5.565939299385064
38,-2.78026719147054,0.2335994445283866,-0.3535144192527589,-5.56053438294108
39,-2.756321652002536,0.238922473247225,-0.3758102867998679,-5.512643304005072
40,-2.7510303433025434,0.24011394648818107,-0.38070844086845246,-5.502060686605087
41,-2.734046980831888,0.24397586012669545,-0.39635721506917654,-5.468093961663776
42,-2.708280165783888,0.2499461074500743,-0.4198794478136285,-5.416560331567776
43,-2.7038901099499455,0.25097679776596593,-0.4238597153127169,-5.407780219899891
44,-2.7023360836485835,0.25134259902380557,-0.42526672783991576,-5.404672167297167
45,-2.6564550463477556,0.26236907625868827,-0.46633009271413195,-5.312910092695511
46,-2.650547854725437,0.26382100315525,-0.4715474915034156,-5.301095709450874
47,-2.642800013636215,0.2657366635914753,-0.47836563130531917,-5.28560002727243
48,-2.5453021603086516,0.2909709002049265,-0.5615770075476654,-5.090604320617303
49,-2.5441632935420113,0.2912783215754705,-0.5625189693947809,-5.088326587084023
50,-2.528219798486349,0.2956135768279578,-0.5756287503484054,-5.056439596972698
51,-2.5107383457538774,0.30043520950769786,-0.5898348470990419,-5.021476691507755
52,-2.4559072789854914,0.31603053242261997,-0.6332036300274153,-4.911814557970983
53,-2.4515470311531193,0.3173019654719469,-0.6365723676819885,-4.903094062306239
54,-2.4514656221459976,0.31732574844874456,-0.6366351495806148,-4.902931244291995
55,-2.4484401312812,0.3182107769003767,-0.6389653853853801,-4.8968802625624
56,-2.4437356212942882,0.31959143864477324,-0.6425771771625104,-4.8874712425885765
57,-2.424792506107688,0.3252063052969529,-0.6569756328859505,-4.849585012215376
58,-2.405497806866286,0.3310176833027697,-0.6713989445326025,-4.810995613732572
59,-2.3978283707950054,0.3333537761819932,-0.6770629322881779,-4.795656741590011
60,-2.3808201011738266,0.33858800438510583,-0.6894812132791516,-4.761640202347653
61,-2.361902730781043,0.3444972737394908,-0.7030589473214475,-4.723805461562086
62,-2.3466848326851637,0.34931856226802843,-0.7137990502860484,-4.693369665370327
63,-2.341778307843501,0.35088599524783,-0.7172267319733525,-4.683556615687002
64,-2.336908590010314,0.3524479527503795,-0.7206116279449746,-4.673817180020628
65,-2.313884018161534,0.35991840678310616,-0.7363830488574571,-4.627768036323068
66,-2.311932732610064,0.3605580289104863,-0.7377018173548362,-4.623865465220128
67,-2.2875031209766274,0.3686529965289786,-0.7539731379142928,-4.575006241953255
68,-2.2749174093915117,0.37288681739416385,-0.762180825728647,-4.549834818783023
69,-2.2729405296300387,0.37355578893023983,-0.7634590967307717,-4.545881059260077
70,-2.236771871818114,0.3859864790896428,-0.7863144418083087,-4.473543743636228
71,-2.2247401092081174,0.39020285609032423,-0.7936908903276385,-4.449480218416235
72,-2.164113534841927,0.4120788490873478,-0.8290905454455357,-4.328227069683854
73,-2.1615478336943323,0.41302816688153166,-0.8305223353501164,-4.323095667388665
74,-2.1536763897383957,0.41595271115872434,-0.8348808395375416,-4.307352779476791
75,-2.117981691194487,0.4294453666010889,-0.8539923172780657,-4.235963382388974
76,-2.112522092343857,0.4315427375090758,-0.856820126380076,-4.225044184687714
77,-2.091341953623674,0.43976475965214795,-0.8675479393785787,-4.182683907247348
78,-2.079130431413129,0.44456736707522004,-0.8735565484674225,-4.158260862826258
79,-2.068176255768931,0.4489144633994867,-0.8788356772155492,-4.136352511537862
80,-2.066833685025694,0.44944980132418755,-0.8794754584588046,-4.133667370051388
81,-2.0510123720428193,0.45580050672006817,-0.8868951368831074,-4.1020247440856386
82,-2.048749083565233,0.45671536184577133,-0.887938437621577,-4.097498167130466
83,-2.012077603913054,0.4717626866555401,-0.9042051742267704,-4.024155207826108
84,-1.965377149023963,0.4915451757917319,-0.9231577863073515,-3.930754298047926
85,-1.9549769200385123,0.4960467559610008,-0.9271058571938918,-3.9099538400770246
86,-1.9413072506254867,0.5020172464441724,-0.9321424659835368,-3.8826145012509734
87,-1.9326204296748966,0.5058432870945283,-0.9352526825624861,-3.865240859349793
88,-1.9288107601576419,0.5075290776771536,-0.9365944423088388,-3.8576215203152837
89,-1.912613182020215,0.5147502371285639,-0.942147212097091,-3.82522636404043
90,-1.9015776242919529,0.5197200904364975,-0.9457888808028183,-3.8031552485839057
91,-1.8972378195428867,0.5216856728049858,-0.9471894607128487,-3.7944756390857735
92,-1.8945604707203687,0.5229014454992409,-0.9480446223245638,-3.7891209414407374
93,-1.8779752548061255,0.5304864523933615,-0.9531903715727338,-3.755950509612251
94,-1.829610477440062,0.5531387317267342,-0.9666941573822544,-3.659220954880124
95,-1.7985674483354328,0.5681021518241857,-0.974172110238853,-3.5971348966708656
96,-1.7759839061005174,0.5791989962893589,-0.9790227823086091,-3.5519678122010347
97,-1.7750757549251042,0.5796489769563534,-0.9792074150999713,-3.5501515098502083
98,-1.7459253088887712,0.5942474921888993,-0.9847040738817057,-3.4918506177775424
99,-1.7383040049542935,0.5981139422681845,-0.9860033622754811,-3.476608009908587
100,-1.7376993020062352,0.5984216070750439,-0.9861040013556354,-3.4753986040124705
101,-1.734702005927867,0.599948517043797,-0.9865975094269814,-3.469404011855734
102,-1.724847454648849,0.6049913360317163,-0.9881575729461972,-3.449694909297698
103,-1.694575340323679,0.6207003422615162,-0.9923491537662721,-3.389150680647358
104,-1.6616607025840813,0.638156773299412,-0.9958746721189939,-3.3233214051681625
105,-1.6315944939586677,0.654448194415031,-0.9981523606771039,-3.2631889879173355
106,-1.6314694605577227,0.6545166371494642,-0.9981599499940897,-3.2629389211154454
107,-1.6239962469701243,0.658617904052605,-0.998585217973955,-3.2479924939402487
108,-1.6167086564931088,0.6626371480291563,-0.9989462141203141,-3.2334173129862176
109,-1.6076538181108406,0.6676584197101852,-0.9993208395573582,-3.2153076362216813
110,-1.5999385470308456,0.6719608157652589,-0.9995753955514187,-3.199877094061691
111,-1.573515187873994,0.6868634046383454,-0.9999963038994931,-3.147030375747988
112,-1.5708833322969808,0.6883620087586426,-0.9999999962150213,-3.1417666645939617
113,-1.5687710571286697,0.6895666313452491,-0.9999979491420905,-3.1375421142573394
114,-1.5289427822208672,0.7125936881052964,-0.9991242682508351,-3.0578855644417344
115,-1.5020111217016574,0.7285030547678912,-0.9976352303908766,-3.004022243403315
116,-1.4798887960050553,0.741776866347789,-0.9958707553330974,-2.9597775920101106
117,-1.4774124518670357,0.743274285273148,-0.9956428936957518,-2.9548249037340715
118,-1.4459819312661784,0.7624828843125786,-0.9922207903270499,-2.8919638625323567
119,-1.431852710183587,0.7712406986266324,-0.9903628546998651,-2.863705420367174
120,-1.4269078983572605,0.774323706930071,-0.9896659082027621,-2.853815796714521
121,-1.4255970973740997,0.7751425383795992,-0.9894770990915911,-2.8511941947481994
122,-1.422276495416034,0.7772197959268492,-0.9889911883411044,-2.844552990832068
123,-1.4092805235822266,0.7853902459444498,-0.9869846542628866,-2.818561047164453
124,-1.40861742012334,0.7858088683825907,-0.9868778006508957,-2.81723484024668
125,-1.4001827503802644,0.7911484532701528,-0.9854807750924068,-2.800365500760529
126,-1.4000678141271252,0.7912214023365035,-0.9854612538959657,-2.8001356282542504
127,-1.3878224354756579,0.7990224807191624,-0.9833069285104511,-2.7756448709513157
128,-1.3351157397616988,0.8332576835178652,-0.9723556461944807,-2.6702314795233977
129,-1.333993066948001,0.8339985287021302,-0.9720928839693744,-2.667986133896002
130,-1.3217257095577766,0.8421252946397824,-0.9691419362025975,-2.643451419115553
131,-1.3173054124693278,0.8450678078327045,-0.9680428536279557,-2.6346108249386555
132,-1.308770582687536,0.8507705713765062,-0.9658672162203676,-2.617541165375072
133,-1.298813088505045,0.857459359948423,-0.9632400093466542,-2.59762617701009
134,-1.2953121086785373,0.8598201541736917,-0.9622935968584994,-2.5906242173570746
135,-1.2898897257924464,0.8634859058443085,-0.9608044990791714,-2.579779451584893
136,-1.2674600154731948,0.8787694623640542,-0.9543452266359077,-2.5349200309463895
137,-1.261284179874784,0.8830116280793457,-0.9524822803471539,-2.522568359749568
138,-1.2593272616798121,0.8843588884555547,-0.9518843914057923,-2.5186545233596243
139,-1.258166515351592,0.8851587114255878,-0.9515280309935383,-2.516333030703184
140,-1.234674346231926,0.9014574123687407,-0.9440408426608766,-2.469348692463852
141,-1.1877751062112891,0.9346283695439339,-0.9275397664071032,-2.3755502124225782
142,-1.1756860117548211,0.9433149967397381,-0.9229541086162727,-2.3513720235096423
143,-1.1704007844502096,0.9471301929607883,-0.9209068905109999,-2.340801568900419
144,-1.1588805845647292,0.9554829931042861,-0.9163555076132326,-2.3177611691294584
145,-1.129307443661392,0.9771557294747657,-0.9041164865544985,-2.258614887322784
146,-1.1170160673713494,0.9862607672091215,-0.8987963898601095,-2.234032134742699
147,-1.1163065031902595,0.9867881272378279,-0.8984851145683233,-2.232613006380519
148,-1.1029171701114695,0.996774814908104,-0.8925267832009949,-2.205834340222939
149,-1.089820997018701,1.006607949280501,-0.8865441139857718,-2.179641994037402
150,-1.0827302519684134,1.0119587585140328,-0.8832413633039216,-2.165460503936827
151,-1.0737378071462822,1.0187716268767182,-0.8789889841045359,-2.1474756142925644
152,-1.0695474915519636,1.021956593164877,-0.8769831542028591,-2.139094983103927
153,-1.0689053615935187,1.022445239439871,-0.8766744164133133,-2.1378107231870374
154,-1.0476666228382179,1.0386936998108538,-0.8662598443216422,-2.0953332456764358
155,-1.0235576679662954,1.057339957983653,-0.8539645877404655,-2.047115335932591
156,-1.007061358367039,1.070221365281609,-0.8452652423546405,-2.014122716734078
157,-1.0026543445846356,1.073679462923016,-0.8429021673143071,-2.0053086891692713
158,-0.9612651805358512,1.1064998246987916,-0.8199165187982965,-1.9225303610717024
159,-0.9351607007377183,1.127515576486321,-0.8046944947814716,-1.8703214014754366
160,-0.9275024096356002,1.1337267841977998,-0.8001242978081541,-1.8550048192712003
161,-0.9201869484998491,1.1396792151399602,-0.7957148633021337,-1.8403738969996981
162,-0.9128243314575504,1.1456889581199983,-0.7912340099389883,-1.8256486629151008
163,-0.9113588976264668,1.1468873810720603,-0.7903370281257218,-1.8227177952529336
164,-0.9065113251527022,1.1508570327270777,-0.7873577802125724,-1.8130226503054043
165,-0.8907951800016298,1.163783029828933,-0.7775719976548104,-1.7815903600032597
166,-0.8838032122234014,1.1695611211198904,-0.7731565199370468,-1.7676064244468028
167,-0.8744761995980554,1.1772950094424186,-0.7672076425451809,-1.748952399196111
168,-0.8733110770496975,1.1782632124931998,-0.7664598137522894,-1.746622154099395
169,-0.8695358198831165,1.1814035896299078,-0.7640295390318157,-1.739071639766233
170,-0.8583347778361672,1.1907495026408141,-0.7567550593297379,-1.7166695556723344
171,-0.8329323457794309,1.212101593279107,-0.7399071647553995,-1.6658646915588617
172,-0.8083390435820941,1.2329781933376562,-0.7231409489764783,-1.6166780871641881
173,-0.8008611444958316,1.2393653674261313,-0.717955789988528,-1.6017222889916631
174,-0.7984051680326831,1.2414670888569115,-0.716244048945165,-1.5968103360653663
175,-0.785485104189914,1.2525557050577483,-0.7071682549379799,-1.570970208379828
176,-0.7807022362156575,1.256674231269908,-0.7037784749858842,-1.561404472431315
177,-0.7732741556719009,1.2630850663915323,-0.6984820544037561,-1.5465483113438019
178,-0.7685654046078363,1.2671580789111816,-0.6951046112967254,-1.5371308092156726
179,-0.7489452446518192,1.2842046806249685,-0.6808666282542426,-1.4978904893036384
180,-0.725740854050795,1.3045202505683937,-0.6636897894555864,-1.45148170810159
181,-0.7190607507216176,1.3103993821935622,-0.6586782482357185,-1.4381215014432351
182,-0.7152220441932666,1.3137839511775393,-0.6557850646031913,-1.4304440883865333
183,-0.7059672231603997,1.3219621920700806,-0.6487701746283526,-1.4119344463207995
184,-0.6791576634907401,1.3457973171965891,-0.6281378231323208,-1.3583153269814803
185,-0.6744316752311796,1.3500209036950621,-0.6244535207353259,-1.3488633504623593
186,-0.6276435688968092,1.3921801728903092,-0.5872390628603948,-1.2552871377936183
187,-0.6078934329616446,1.4101595358654269,-0.5711395467951453,-1.215786865923289
188,-0.5673268249052548,1.4474154982938856,-0.5373795746275154,-1.1346536498105095
189,-0.5317429855821931,1.4804418245882485,-0.507036432822882,-1.0634859711643863
190,-0.4904263983813224,1.5191724969618756,-0.4710020706788977,-0.9808527967626448
191,-0.4703794917649642,1.5381057077256117,-0.45322459558323835,-0.9407589835299284
192,-0.45991468869922336,1.5480242490705398,-0.4438716619459533,-0.9198293773984467
193,-0.4315870693935624,1.5749896711980365,-0.4183128685399791,-0.8631741387871248
194,-0.4106778251505321,1.5949984101520271,-0.3992308839266889,-0.8213556503010642
195,-0.40365751727690924,1.6017356004509784,-0.3927845265904175,-0.8073150345538185
196,-0.3720833526923757,1.632150824768042,-0.3635570124754991,-0.7441667053847514
197,-0.36482939033379935,1.6391640459498813,-0.3567899187396231,-0.7296587806675987
198,-0.36395463677792517,1.640010392443811,-0.3559726009957054,-0.7279092735558503
199,-0.3611686897018922,1.6427067543554503,-0.35336776543164994,-0.7223373794037844
200,-0.3462090514874081,1.657208068325694,-0.3393342384574681,-0.6924181029748162
201,-0.3455498666342214,1.657847924707052,-0.3387140920859461,-0.6910997332684428
202,-0.3293394260573077,1.6736054385973154,-0.32341802682012827,-0.6586788521146154
203,-0.3169125541619686,1.68571346314579,-0.31163435305767695,-0.6338251083239372
204,-0.3014370967800164,1.7008248423029932,-0.2968928120200469,-0.6028741935600328
205,-0.2873934853376561,1.714568417692404,-0.28345357985384556,-0.5747869706753121
206,-0.28384394836132953,1.718046535731984,-0.28004784523911,-0.5676878967226591
207,-0.28302630103770543,1.7188479789199749,-0.27926282169451566,-0.5660526020754109
208,-0.2762805869504885,1.7254634984187194,-0.2727791831128826,-0.552561173900977
209,-0.25736930247615764,1.744042006097926,-0.25453738553055144,-0.5147386049523153
210,-0.25706847231389673,1.744337914770175,-0.25424645231776216,-0.5141369446277935
211,-0.24477442755800993,1.7564404227791153,-0.24233748237398028,-0.48954885511601987
212,-0.22501770706949253,1.775926952997054,-0.22312362284376291,-0.45003541413898507
213,-0.2197439898250182,1.7811360003869137,-0.2179797762553143,-0.4394879796500364
214,-0.20588542033764545,1.7948387797863352,-0.20443396050381488,-0.4117708406752909
215,-0.19027622836360614,1.8102957806848163,-0.1891301451908058,-0.3805524567272123
216,-0.18648060399945265,1.8140579288231344,-0.1854016707175282,-0.3729612079989053
217,-0.15293379058597667,1.8473635913380153,-0.15233833247636258,-0.30586758117195334
218,-0.13324554258553523,1.866951248970694,-0.1328516105691298,-0.26649108517107045
219,-0.11862075717246956,1.8815181389681532,-0.11834276966806129,-0.23724151434493912
220,-0.11808030866658692,1.8820566993849197,-0.11780610174300057,-0.23616061733317384
221,-0.11657663590598011,1.8835552090467431,-0.1163127670130196,-0.23315327181196022
222,-0.06335148952371839,1.9366696899410625,-0.06330912209664631,-0.12670297904743677
223,-0.04503910944335887,1.9549685025788983,-0.045023883854976285,-0.09007821888671774
224,-0.03719036029214928,1.9628139256849593,-0.03718178774519348,-0.07438072058429857
225,-0.03152403074609733,1.9684785796164204,-0.03151880976167406,-0.06304806149219466
226,-0.02436747990016519,1.9756337257597356,-0.02436506850877758,-0.04873495980033038
227,-0.0111554100259883,1.9888447056571237,-0.011155178658324902,-0.0223108200519766
228,-0.0050696732229771335,1.9949303376352157,-0.005069651506564156,-0.010139346445954267
229,0.017456471033827192,2.0174560277571554,0.017455584466976183,0.034912942067654384
230,0.01833187907587286,2.018331365712227,0.018330852331329105,0.03666375815174572
231,0.02053261469657297,2.020531893367864,0.02053117200874564,0.04106522939314594
232,0.028723367613373796,2.028721392968535,0.028719418160792584,0.05744673522674759
233,0.03645504500149377,2.0364510082319414,0.036446970925970594,0.07291009000298754
234,0.09137490566872142,2.091311381772872,0.09124780487333668,0.18274981133744284
235,0.12330384434687636,2.1231478571964204,0.12299163316881563,0.2466076886937527
236,0.12720863906926638,2.1270373749531064,0.126865834048915,0.25441727813853277
237,0.12798228747095353,2.127807883004399,0.12763319324011382,0.25596457494190705
238,0.13290664044116207,2.13271134489362,0.1325157048511553,0.26581328088232414
239,0.14699106749711977,2.146726976090895,0.14646231504700352,0.29398213499423953
240,0.14709678671774018,2.1468321259015153,0.14656689339936563,0.29419357343548036
241,0.15213286173974883,2.1518401205062734,0.15154670297184228,0.30426572347949765
242,0.1588940402466852,2.158560578119696,0.15822627575925563,0.3177880804933704
243,0.1721374968603544,2.171713697516117,0.1712886453198127,0.3442749937207088
244,0.18540178865713353,2.1848725271642175,0.1843414513059802,0.37080357731426705
245,0.1957426501552728,2.195120042589696,0.1944950566656175,0.3914853003105456
246,0.19715934335353635,2.196523154563384,0.1958845003372765,0.3943186867070727
247,0.1993894174782107,2.1987314537014213,0.19807088227656752,0.3987788349564214
248,0.20645533440947528,2.205725120705527,0.20499180496414296,0.41291066881895055
249,0.21127417905185597,2.2104917879762214,0.20970591679184178,0.42254835810371194
250,0.21713295097907093,2.216283861756934,0.21543078416753642,0.43426590195814185
251,0.22836552410442534,2.227378218691921,0.22638578546859528,0.4567310482088507
252,0.22871302007991723,2.2277212164289373,0.2267242459803422,0.45742604015983446
253,0.23433837190936257,2.2332718476143407,0.23219949178888002,0.46867674381872515
254,0.24118682388916168,2.240024410390157,0.2388552658613979,0.48237364777832337
255,0.2420840365316832,2.2409086528769646,0.23972641259018979,0.4841680730633664
256,0.24236915170428608,2.241189626417053,0.24000320419510032,0.48473830340857216
257,0.24291385199857896,2.2417263874329505,0.24053194841093994,0.4858277039971579
258,0.26720802890806183,2.265629408637488,0.26403958010401557,0.5344160578161237
259,0.2681272280809721,2.2665323381909306,0.26492604692273286,0.5362544561619442
260,0.2729831383449395,2.271300455949135,0.26960530750536554,0.545966276689879
261,0.2760892227830176,2.2743487407415435,0.2725950711185572,0.5521784455660352
262,0.2811598523444587,2.2793222169078833,0.2774701448327426,0.5623197046889175
263,0.28448143930129266,2.2825782573365077,0.28065977069812326,0.5689628786025853
264,0.2864522973940531,2.284509502429094,0.28255086841863336,0.5729045947881062
265,0.3327690366614422,2.329731892750312,0.32666140867014387,0.6655380733228844
266,0.33848497108141995,2.3352898296835134,0.33205840937731895,0.6769699421628399
267,0.3495939735381315,2.34607646038597,0.3425163690223227,0.699187947076263
268,0.35577786825585767,2.3520719686579192,0.34831962544128525,0.7115557365117153
269,0.360338698619997,2.356489683881217,0.35259120002579036,0.720677397239994
270,0.37144823026795715,2.3672355020678157,0.3629652769537485,0.7428964605359143
271,0.3962874912924592,2.3911814564332983,0.38599621958403263,0.7925749825849184
272,0.3977321665620708,2.392570668078603,0.38732852977638654,0.7954643331241416
273,0.4073268295479915,2.4017869193914967,0.3961562864213163,0.814653659095983
274,0.41022369806574943,2.4045660649399756,0.39881447616346477,0.8204473961314989
275,0.4171744978208398,2.4112277388414003,0.4051788940326782,0.8343489956416796
276,0.4199026975215516,2.413839864007242,0.40767160531248264,0.8398053950431033
277,0.420172005087319,2.414097633754764,0.40791750296975476,0.840344010174638
278,0.43219074584615136,2.4255867071770623,0.4188611134191032,0.8643814916923027
279,0.4446670659124794,2.4374821420871546,0.4301573465911159,0.8893341318249588
280,0.4648040405920164,2.4566128300078462,0.4482476400921783,0.9296080811840328
281,0.46689710849642596,2.4585963245780653,0.45011766997368824,0.9337942169928519
282,0.47191770433220936,2.4633502029472085,0.4545952159350719,0.9438354086644187
283,0.4774261325142337,2.4685596380974046,0.45949464107536986,0.9548522650284674
284,0.4943892009972046,2.4845594778965308,0.47449407868259796,0.9887784019944093
285,0.5031861803688051,2.4928312109852317,0.48221923670303163,1.0063723607376103
286,0.5063585563020818,2.4958097914774235,0.4849959672802351,1.0127171126041636
287,0.5134968088256411,2.50250339862477,0.4912260767277569,1.0269936176512822
288,0.5138985044014697,2.5028797172013584,0.49157592683251067,1.0277970088029393
289,0.5390981158970534,2.5264103663121933,0.5133622288355076,1.0781962317941067
290,0.5399492038569997,2.5272024047180257,0.5140924226970015,1.0798984077139995
291,0.5816359561828679,2.5657750115751345,0.549391619072857,1.1632719123657358
292,0.6115323931757355,2.5931611295351735,0.5741228100261458,1.223064786351471
293,0.6160933075320951,2.597318047028976,0.5778511618436198,1.2321866150641902
294,0.6167718581393791,2.5979360101732154,0.5784048225330713,1.2335437162787581
295,0.6435146568273313,2.6221900834946865,0.6000108383721725,1.2870293136546627
296,0.650445430656228,2.6284433297306022,0.6055409458160604,1.300890861312456
297,0.6528204632444368,2.630583063438152,0.6074293207211677,1.3056409264888735
298,0.6566469785679327,2.634027107889714,0.6104645494961186,1.3132939571358655
299,0.6644468384774189,2.6410344017916305,0.6166237462570386,1.3288936769548378
300,0.6753419042126247,2.65079306808525,0.6251642071931407,1.3506838084252495
301,0.6871459867810508,2.6613269474404277,0.6343334464678004,1.3742919735621015
302,0.7210489853842477,2.6913518758526065,0.6601729422648708,1.4420979707684953
303,0.7253264928629211,2.695115467810694,0.6633797870338609,1.4506529857258421
304,0.7257075696081148,2.695450489674941,0.6636648920608842,1.4514151392162296
305,0.7285857119110122,2.697979360405023,0.6658150771337655,1.4571714238220244
306,0.7327844796172127,2.7016640392078077,0.6689419700296219,1.4655689592344254
307,0.732813606766165,2.7016895811662933,0.6689636203818337,1.46562721353233
308,0.7498403536678939,2.7165756481753394,0.6815219398932248,1.4996807073357878
309,0.764278187153066,2.7291274120511244,0.6920161151448136,1.528556374306132
310,0.7674863716387725,2.73190757912841,0.6943284807036287,1.534972743277545
311,0.7795522877950725,2.742334454748069,0.7029610640585782,1.559104575590145
312,0.8492050136799061,2.801601397458395,0.7507554902172718,1.6984100273598122
313,0.8558052432657783,2.807134020222361,0.755099086975142,1.7116104865315567
314,0.8565139962106376,2.8077272563087585,0.7555635632844052,1.7130279924212752
315,0.8914304744825068,2.8367411362018427,0.7779713100185487,1.7828609489650136
316,0.8927394812474989,2.8378207265924695,0.7787930919481871,1.7854789624949978
317,0.9097857110684431,2.8518252424295376,0.7893722026431458,1.8195714221368862
318,0.9151013301568898,2.8561716695516646,0.7926243729804899,1.8302026603137795
319,0.9183276734241335,2.8588049405181515,0.7945873788406588,1.836655346848267
320,0.927436828769888,2.866219937630343,0.8000849584392375,1.854873657539776
321,0.938055035757547,2.8748264653427675,0.8064094570594409,1.876110071515094
322,0.9548205384818584,2.8883343725948554,0.8162100687563837,1.9096410769637169
323,0.9890037102332259,2.915564366232116,0.8354789096808667,1.9780074204664517
324,0.9927579135772953,2.918529270491959,0.8375360364571647,1.9855158271545905
325,0.9958466093858038,2.920964756869782,0.8392196467820624,1.9916932187716077
326,1.0110364123950748,2.932891711292243,0.8473826167509689,2.0220728247901496
327,1.0181545686385216,2.9384519038743107,0.8511407355812718,2.036309137277043
328,1.0189297805796307,2.939056325122133,0.8515474176620279,2.0378595611592614
329,1.0226936208809714,2.9419878078670583,0.8535146784264604,2.0453872417619428
330,1.0354866024827083,2.9519128185789922,0.8601106778495993,2.0709732049654166
331,1.042936824369486,2.9576650828329107,0.8638871860054673,2.085873648738972
332,1.0480135458333844,2.9615730522060764,0.8664331127372551,2.0960270916667687
333,1.1107484742027913,3.0090744953319404,0.8960312524319327,2.2214969484055826
334,1.111972408525546,3.0099865858530537,0.8965739969675154,2.223944817051092
335,1.11466683065477,3.0119925153183713,0.8977640843135569,2.22933366130954
336,1.1239251008499331,3.018864225246581,0.9018036016732788,2.2478502016998663
337,1.149953945821053,3.038010019458823,0.9127451267388472,2.299907891642106
338,1.1597480051819828,3.0451476922227547,0.9167024481716572,2.3194960103639657
339,1.1888748443961927,3.0661590826066,0.9279502045034644,2.3777496887923855
340,1.2031817442044743,3.0763612578028874,0.9331872959641155,2.4063634884089486
341,1.2345634088575363,3.0984651175864775,0.9440042465358914,2.4691268177150727
342,1.2386958046947254,3.1013476744626334,0.9453595974263909,2.477391609389451
343,1.2493632566863035,3.1087584735891642,0.9487836475841124,2.498726513372607
344,1.2732251052436045,3.125177331397508,0.9560514237822831,2.546450210487209
345,1.2871839686656972,3.134680661097697,0.9600508744458175,2.5743679373313944
346,1.2916395460822154,3.1376982803030193,0.9612881250319792,2.583279092164431
347,1.2945693457758503,3.1396783765904863,0.9620912903173954,2.5891386915517005
348,1.3112601330974871,3.150895781379588,0.9665091097673696,2.6225202661949742
349,1.3142405515372073,3.152887553743476,0.9672696875976502,2.6284811030744146
350,1.3166822873986566,3.154516784076518,0.9678863953817614,2.633364574797313
351,1.3299941004292877,3.1633586357083723,0.9711469709978038,2.6599882008585753
352,1.340115700813382,3.1700358710115992,0.973511002065325,2.680231401626764
353,1.347062755155736,3.174596038952164,0.9750758735107311,2.694125510311472
354,1.3486699530817137,3.175648386950732,0.9754312057040058,2.6973399061634273
355,1.3529947331550134,3.1784751966918847,0.9763748480848958,2.705989466310027
356,1.3618207759450596,3.184221848636213,0.9782439580342827,2.723641551890119
357,1.3678378700154563,3.1881224173084846,0.9794745350732429,2.7356757400309126
358,1.379174055006517,3.1954332684233644,0.9816965625920769,2.758348110013034
359,1.3799245498618133,3.1959155294132477,0.9818392191507358,2.7598490997236267
360,1.3808209942225518,3.1964912926122517,0.9820088934816328,2.7616419884451036
361,1.3955013699881325,3.205876213460832,0.9846751416900151,2.791002739976265
362,1.3970436050009707,3.2068573367003568,0.9849429341632694,2.7940872100019414
363,1.4030504971667281,3.210670040823857,0.9859636284082679,2.8061009943334563
364,1.4346500264907829,3.2304992398030308,0.9907463992996202,2.8693000529815658
365,1.4562504315366573,3.2438340722370196,0.9934467889032039,2.9125008630733147
366,1.4629815513104858,3.247953087063138,0.9941936148283369,2.9259631026209716
367,1.4667972425562747,3.2502803780622167,0.9945969677207931,2.9335944851125495
368,1.470696643903612,3.252652997524021,0.9949942086509057,2.941393287807224
369,1.4757992470289323,3.255748972655119,0.9954911697561329,2.9515984940578646
370,1.4871900165570886,3.2626245391773643,0.9965070278162182,2.974380033114177
371,1.508281135215436,3.2752253258493003,0.9980465617292423,3.016562270430872
372,1.5220913937705025,3.2833849701103452,0.9988141491973759,3.044182787541005
373,1.529833838722181,3.2879280061404477,0.9991611545886246,3.059667677444362
374,1.5398221085051262,3.2937554541781884,0.9995203372516331,3.0796442170102525
375,1.5412099635246066,3.2945621978974278,0.9995623554800662,3.082419927049213
376,1.5512065149620837,3.300351687092892,0.9998081257724447,3.1024130299241675
377,1.561747348630718,3.306415772675704,0.9999590582764659,3.123494697261436
378,1.5834746740942278,3.31878421523489,0.9999196308314358,3.1669493481884556
379,1.587209922618396,3.3208927862023137,0.9998652999601968,3.174419845236792
380,1.592816951158953,3.3240482373056612,0.9997575558484697,3.185633902317906
381,1.6167210969363972,3.3373697298297875,0.9989456430739239,3.2334421938727944
382,1.6188399306084027,3.338540319679563,0.9988461280380277,3.2376798612168054
383,1.646577349844248,3.353711731037373,0.9971299921486159,3.293154699688496
384,1.647983130396525,3.3544731135579062,0.9970225773567157,3.29596626079305
385,1.6627454320484998,3.3624248019084235,0.995775658553247,3.3254908640969996
386,1.6658457182890412,3.364084645194416,0.9954862064036981,3.3316914365780823
387,1.6977852476774404,3.3809810164851037,0.9919477367418261,3.395570495354881
388,1.69864202126143,3.3814291674192787,0.9918388641150281,3.39728404252286
389,1.749856397782866,3.4077387544659556,0.9840115332569549,3.499712795565732
390,1.7827076306676104,3.424123526184408,0.9776306983395872,3.565415261335221
391,1.8082349368432085,3.436593660321416,0.971943636969341,3.616469873686417
392,1.8251508506541447,3.4447321645995266,0.9678259124868134,3.6503017013082895
393,1.8276149290351262,3.445909407125547,0.9672029616934145,3.6552298580702525
394,1.892935800915431,3.4763596258637963,0.9485602390899381,3.785871601830862
395,1.8991972898185874,3.4792025908494213,0.9465592906152086,3.7983945796371748
396,1.90011199795167,3.4796168042763576,0.9462638739832281,3.80022399590334
397,1.9099971159509797,3.4840752953821226,0.943020890913732,3.8199942319019593
398,1.9182527164827863,3.487773848604873,0.9402418714586995,3.8365054329655726
399,1.9264065856649526,3.4914045981192974,0.9374341941317647,3.852813171329905
400,1.943569851891914,3.4989752211010567,0.9313208114813984,3.887139703783828
401,1.9524464260490748,3.5028526189633724,0.9280513159677863,3.9048928520981496
402,1.954017936046624,3.503536385339195,0.9274648576352459,3.908035872093248
403,1.9550454832228508,3.5039830361109985,0.9270801575616964,3.9100909664457015
404,1.995183775267011,3.5211619085848422,0.9112911297433886,3.990367550534022
405,1.9980549161553145,3.5223708213614766,0.9101051467088708,3.996109832310629
406,2.0311322391467796,3.5361088363358677,0.8959033193216192,4.062264478293559
407,2.034609411504823,3.5375328953089316,0.8943531757677132,4.069218823009646
408,2.04329182911466,3.5410721539704006,0.8904353344591084,4.08658365822932
409,2.0606975449728497,3.5480963656975026,0.8823793435879468,4.1213950899456995
410,2.0640408607929817,3.549434798769692,0.8808012554393156,4.128081721585963
411,2.0682010939387587,3.5510954353458053,0.8788238260434338,4.1364021878775175
412,2.0803062789493594,3.5558970652893938,0.8729836330508135,4.160612557898719
413,2.090360478441452,3.559850927671731,0.8680356616336243,4.180720956882904
414,2.1136168512905837,3.568878547873451,0.8562551384402399,4.2272337025811675
415,2.1224757959264173,3.572274363960114,0.8516454830836389,4.244951591852835
416,2.124016642166754,3.5728625928618802,0.8508368867312016,4.248033284333508
417,2.171899162150917,3.5907900444025,0.8247124054472891,4.343798324301834
418,2.2230206878145062,3.6091912506856243,0.7947356771849065,4.4460413756290125
419,2.2276203362025355,3.6108102071272286,0.7919354972882355,4.455240672405071
420,2.2334217290514267,3.6128436114428326,0.788379832377077,4.466843458102853
421,2.2334347630658766,3.6128481692035104,0.7883718139306105,4.466869526131753
422,2.244007663079072,3.6165295743816155,0.7818234328284736,4.488015326158144
423,2.257645536057558,3.62123194448162,0.773247778874003,4.515291072115116
424,2.2856341418551804,3.6307210226698365,0.7551995625513215,4.571268283710361
425,2.2876253831263136,3.63138791972827,0.7538928176312962,4.575250766252627
426,2.315953922989016,3.640758980402444,0.7349810474762081,4.631907845978032
427,2.3647731384161843,3.656405337125188,0.7010148162890563,4.729546276832369
428,2.366516554190381,3.6569525145701474,0.6997704403321008,4.733033108380762
429,2.378364931779545,3.660650294620369,0.6912574213954505,4.75672986355909
430,2.3837558911442636,3.6623207689925454,0.6873518419175748,4.767511782288527
431,2.396504803329472,3.66624155477031,0.6780363855030341,4.793009606658944
432,2.404496212395545,3.6686780809522106,0.6721408854125352,4.80899242479109
433,2.40851393720031,3.6698969360701508,0.6691606515673693,4.81702787440062
434,2.4270368007369814,3.675463585033916,0.6552819795334842,4.854073601473963
435,2.4278925823457116,3.6757186923076057,0.654635295620015,4.855785164691423
436,2.437779244019977,3.6786526597343747,0.6471296525541002,4.875558488039954
437,2.4429559798812925,3.6801792274202083,0.643174359407659,4.885911959762585
438,2.45289221711957,3.6830907838573146,0.6355343617977866,4.90578443423914
439,2.455610623309927,3.683883111685408,0.633433209278027,4.911221246619854
440,2.4660802817388174,3.6869177867749525,0.6252972469502638,4.932160563477635
441,2.4860603064909577,3.6926351982295915,0.6095813337573741,4.972120612981915
442,2.5089105438905013,3.699056504804771,0.5913098546935017,5.0178210877810026
443,2.5125602414471433,3.7000706487027615,0.5883626446724424,5.025120482894287
444,2.526506083365273,3.703916922268472,0.5770292283840089,5.053012166730546
445,2.5401258901660593,3.707629424434109,0.5658524376688486,5.0802517803321185
446,2.552801361638942,3.711045949324197,0.5553562520553844,5.105602723277884
447,2.560123374918271,3.713002700430652,0.5492523415493301,5.120246749836542
448,2.573909118990844,3.7166536852673864,0.5376803681626934,5.147818237981688
449,2.5801614411446328,3.7182953551893285,0.5323982555334211,5.1603228822892655
450,2.5886873741152283,3.720519840221325,0.5251618415337118,5.177374748230457
451,2.613941230277598,3.7270137675828523,0.5035055802828973,5.227882460555196
452,2.6160032404836957,3.727537785257415,0.5017229508538252,5.232006480967391
453,2.623746151820457,3.7294971739292784,0.49501014006629823,5.247492303640914
454,2.6345501320485414,3.7322093485658026,0.48559399260102176,5.269100264097083
455,2.6368801820278898,3.7327909540063393,0.4835557827789237,5.2737603640557795
456,2.637558617807312,3.7329600782791257,0.4829618275118813,5.275117235614624
457,2.6385159308992416,3.733198553591599,0.48212334335265833,5.277031861798483
458,2.655775903516043,3.73746437616376,0.46693076219898116,5.311551807032086
459,2.667384882548473,3.7402977901861383,0.4566337802869307,5.334769765096946
460,2.6730230567702207,3.741663615468104,0.45161052038430377,5.346046113540441
461,2.676598092924713,3.742526186350998,0.44841793964414695,5.353196185849426
462,2.6830449334353808,3.7440748794564573,0.442646320271102,5.3660898668707615
463,2.6915270101078597,3.7460992678699747,0.43502464165713545,5.383054020215719
464,2.7114435901565286,3.750794145802568,0.41700629135266026,5.422887180313057
465,2.7296370690841525,3.7550118939559485,0.40040207190944105,5.459274138168305
466,2.732022895815359,3.7555600202595256,0.3982147069997136,5.464045791630718
467,2.7633431640823383,3.7626500521790063,0.3692942647513486,5.5266863281646765
468,2.7671584324863994,3.7635004419057454,0.3657460089155541,5.534316864972799
469,2.787997531138721,3.7680951067161224,0.3462727441519449,5.575995062277442
470,2.8030026880223136,3.771351472749958,0.3321574445225108,5.606005376044627
471,2.806623076533475,3.7721307004941833,0.32874043798009783,5.61324615306695
472,2.8177888798576185,3.774518264173947,0.31817495297710724,5.635577759715237
473,2.8179432562152376,3.7745511087723735,0.3180285954571008,5.635886512430475
474,2.828611084345661,3.776809893369188,0.30789672477128205,5.657222168691322
475,2.8397661166875605,3.779149052516421,0.2972646700799169,5.679532233375121
476,2.866542287215529,3.7846700094789214,0.2715954104793711,5.733084574431058
477,2.8685257607042502,3.7850737614379715,0.2696859597460387,5.7370515214085005
478,2.8689846500312473,3.7851670702830735,0.2692440446560523,5.7379693000624945
479,2.875925937300145,3.7865738331557988,0.2625526527824875,5.75185187460029
480,2.9073768682146084,3.7928395976967324,0.23208025402292268,5.814753736429217
481,2.9209454180508874,3.7954887373533346,0.21886121283860013,5.841890836101775
482,2.9312694388779037,3.7974829066920104,0.208776002932249,5.862538877755807
483,2.961644320119579,3.803243819799311,0.17897874139743533,5.923288640239158
484,2.9621170505367567,3.8033322383832426,0.17851362420481892,5.924234101073513
485,2.9943541000953275,3.809273644805167,0.1467071277294939,5.988708200190655
486,3.0030921975683644,3.8108545065832438,0.13805808587558244,6.006184395136729
487,3.0037179864730734,3.8109672427334833,0.13743826244952895,6.007435972946147
488,3.0099143573399147,3.8120800800141024,0.13129809387742142,6.0198287146798295
489,3.038511350453986,3.8171357165042563,0.10289884731966409,6.077022700907972
490,3.0440343935016085,3.8180970974994723,0.09740358007028868,6.088068787003217
491,3.047215059492672,3.818648561166155,0.09423755089333222,6.094430118985344
492,3.0667729452004617,3.8220046551219435,0.07474992127776077,6.1335458904009235
493,3.078466776269772,3.8239829207437177,0.0630839608694918,6.156933552539544
494,3.103132485499406,3.828087088975644,0.03845068717734158,6.206264970998812
495,3.1109358305185073,3.8293663608664046,0.03065202120808316,6.221871661037015
496,3.119750610876396,3.8308005056379266,0.021840306040021972,6.239501221752792
497,3.1236500800674096,3.8314312583363996,0.01794161081132104,6.247300160134819
498,3.1308656848577905,3.8325924837418235,0.010726763011633557,6.261731369715581
499,3.1348060485854057,3.8332233830408433,0.006786552908256849,6.269612097170811
